<?xml version="1.0" encoding="UTF-8"?>

<Bundle xmlns="http://hl7.org/fhir">
  <id value="R-Tek-C-5d29cc7d-dcf7-4b50-81b1-a8d971973ff6"/>
  <meta>
    <profile value="http://medcomfhir.dk/ig/carecommunication/StructureDefinition/medcom-careCommunication-message"/>
  </meta>
  <type value="message"/>
  <timestamp value="2024-11-08T08:00:00+01:00"/>
  <entry>
    <fullUrl value="https://medcomfhir.dk/ig/carecommunication/MessageHeader/53f20992-c926-466a-b5f5-ac6f80fc88d6"/>
    <resource>
      <MessageHeader>
        <id value="53f20992-c926-466a-b5f5-ac6f80fc88d6"/>
        <meta>
          <profile value="http://medcomfhir.dk/ig/carecommunication/StructureDefinition/medcom-careCommunication-messageHeader"/>
        </meta>
        <text>
          <status value="generated"/><div xmlns="http://www.w3.org/1999/xhtml"><a name="MessageHeader_53f20992-c926-466a-b5f5-ac6f80fc88d6"> </a><p class="res-header-id"><b>Generated Narrative: MessageHeader 53f20992-c926-466a-b5f5-ac6f80fc88d6</b></p><a name="53f20992-c926-466a-b5f5-ac6f80fc88d6"> </a><a name="hc53f20992-c926-466a-b5f5-ac6f80fc88d6"> </a><a name="53f20992-c926-466a-b5f5-ac6f80fc88d6-da-DK"> </a><p><b>event</b>: <a href="http://medcomfhir.dk/ig/terminology/1.7.0/CodeSystem-medcom-messaging-eventCodes.html#medcom-messaging-eventCodes-care-communication-message">MedComMessagingEventCodes care-communication-message</a>: Care Communication Message</p><h3>Destinations</h3><table class="grid"><tr><td style="display: none">-</td><td><b>Extension</b></td><td><b>Endpoint</b></td><td><b>Receiver</b></td></tr><tr><td style="display: none">*</td><td/><td><a href="https://sor2.sum.dsdn.dk/#id=1053231000016001">https://sor2.sum.dsdn.dk/#id=1053231000016001</a></td><td><a href="Organization-89a4dee7-145b-4d09-abaf-24529cb12f15.html">Organization Sygehusadviser, Hillerød</a></td></tr></table><p><b>sender</b>: <a href="Organization-efb6250c-1ba5-4856-b7e7-d9e830d58c09.html">Organization Sundhedsplejen, Aabenraa kommune</a></p><h3>Sources</h3><table class="grid"><tr><td style="display: none">-</td><td><b>Endpoint</b></td></tr><tr><td style="display: none">*</td><td><a href="https://sor2.sum.dsdn.dk/#id=330461000016004">https://sor2.sum.dsdn.dk/#id=330461000016004</a></td></tr></table><p><b>focus</b>: <a href="Communication-435427fb-84c4-496e-ba55-4234091e83cc.html">Communication: identifier = urn:uuid:ea0e95d0-f72c-4e7f-9250-a2037be75545; status = unknown; category = Training</a></p><p><b>definition</b>: <code>http://medcomfhir.dk/ig/carecommunication/medcom-careCommunication-message-definition|4.0.0</code></p></div>
        </text>
        <eventCoding>
          <system value="http://medcomfhir.dk/ig/terminology/CodeSystem/medcom-messaging-eventCodes"/>
          <code value="care-communication-message"/>
        </eventCoding>
        <destination>
          <extension url="http://medcomfhir.dk/ig/messaging/StructureDefinition/medcom-messaging-destinationUseExtension">
            <valueCoding>
              <system value="http://medcomfhir.dk/ig/terminology/CodeSystem/medcom-messaging-destinationUse"/>
              <code value="primary"/>
            </valueCoding>
          </extension>
          <endpoint value="https://sor2.sum.dsdn.dk/#id=1053231000016001"/>
          <receiver>
            <reference value="Organization/89a4dee7-145b-4d09-abaf-24529cb12f15"/>
          </receiver>
        </destination>
        <sender>
          <reference value="Organization/efb6250c-1ba5-4856-b7e7-d9e830d58c09"/>
        </sender>
        <source>
          <endpoint value="https://sor2.sum.dsdn.dk/#id=330461000016004"/>
        </source>
        <focus>
          <reference value="Communication/435427fb-84c4-496e-ba55-4234091e83cc"/>
        </focus>
        <definition value="http://medcomfhir.dk/ig/carecommunication/medcom-careCommunication-message-definition|4.0.0"/>
      </MessageHeader>
    </resource>
  </entry>
  <entry>
    <fullUrl value="https://medcomfhir.dk/ig/carecommunication/Patient/83949bef-2b75-429c-ada7-ca3998fb046a"/>
    <resource>
      <Patient>
        <id value="83949bef-2b75-429c-ada7-ca3998fb046a"/>
        <meta>
          <profile value="http://medcomfhir.dk/ig/core/StructureDefinition/medcom-core-patient"/>
        </meta>
        <text>
          <status value="generated"/><div xmlns="http://www.w3.org/1999/xhtml"><a name="Patient_83949bef-2b75-429c-ada7-ca3998fb046a"> </a><p class="res-header-id"><b>Generated Narrative: Patient 83949bef-2b75-429c-ada7-ca3998fb046a</b></p><a name="83949bef-2b75-429c-ada7-ca3998fb046a"> </a><a name="hc83949bef-2b75-429c-ada7-ca3998fb046a"> </a><a name="83949bef-2b75-429c-ada7-ca3998fb046a-da-DK"> </a><p style="border: 1px #661aff solid; background-color: #e6e6ff; padding: 10px;">Bruno Test Elmer (official) Male, DoB Unknown ( urn:oid:1.2.208.176.1.2#2509479989)</p><hr/><table class="grid"><tr><td style="background-color: #f3f5da" title="Known Marital status of Patient">Marital Status:</td><td colspan="3"><span title="Codes:{http://hl7.dk/fhir/core/CodeSystem/dk-marital-status P}">Registered partnership</span></td></tr><tr><td style="background-color: #f3f5da" title="Ways to contact the Patient">Contact Detail</td><td colspan="3"><ul><li>ph: 47899878(Mobile)</li><li><a href="mailto:hej@med.dig">hej@med.dig</a></li><li>Testpark Allé 48 Hillerød 3400 </li></ul></td></tr><tr><td style="background-color: #f3f5da" title="Patient Links">Links:</td><td colspan="3"><ul><li>Managing Organization: <a href="Organization-89a4dee7-145b-4d09-abaf-24529cb12f15.html">Organization Sygehusadviser, Hillerød</a></li></ul></td></tr></table></div>
        </text>
        <identifier>
          <system value="urn:oid:1.2.208.176.1.2"/>
          <value value="2509479989"/>
        </identifier>
        <name>
          <use value="official"/>
          <family value="Elmer"/>
          <given value="Bruno"/>
          <given value="Test"/>
        </name>
        <telecom>
          <system value="phone"/>
          <value value="47899878"/>
          <use value="mobile"/>
        </telecom>
        <telecom>
          <system value="email"/>
          <value value="hej@med.dig"/>
          <use value="work"/>
        </telecom>
        <gender value="male"/>
        <address>
          <line value="Testpark Allé 48"/>
          <city value="Hillerød"/>
          <postalCode value="3400"/>
        </address>
        <maritalStatus>
          <coding>
            <system value="http://hl7.dk/fhir/core/CodeSystem/dk-marital-status"/>
            <code value="P"/>
          </coding>
        </maritalStatus>
        <managingOrganization>
          <reference value="Organization/89a4dee7-145b-4d09-abaf-24529cb12f15"/>
        </managingOrganization>
      </Patient>
    </resource>
  </entry>
  <entry>
    <fullUrl value="https://medcomfhir.dk/ig/carecommunication/Communication/435427fb-84c4-496e-ba55-4234091e83cc"/>
    <resource>
      <Communication>
        <id value="435427fb-84c4-496e-ba55-4234091e83cc"/>
        <meta>
          <profile value="http://medcomfhir.dk/ig/carecommunication/StructureDefinition/medcom-careCommunication-communication"/>
        </meta>
        <text>
          <status value="extensions"/><div xmlns="http://www.w3.org/1999/xhtml"><a name="Communication_435427fb-84c4-496e-ba55-4234091e83cc"> </a><p class="res-header-id"><b>Generated Narrative: Communication 435427fb-84c4-496e-ba55-4234091e83cc</b></p><a name="435427fb-84c4-496e-ba55-4234091e83cc"> </a><a name="hc435427fb-84c4-496e-ba55-4234091e83cc"> </a><a name="435427fb-84c4-496e-ba55-4234091e83cc-da-DK"> </a><p><b>identifier</b>: urn:uuid:ea0e95d0-f72c-4e7f-9250-a2037be75545</p><p><b>status</b>: Unknown</p><p><b>category</b>: <span title="Codes:{http://medcomfhir.dk/ig/terminology/CodeSystem/medcom-careCommunication-categoryCodes training}">Training</span></p><p><b>subject</b>: <a href="Patient-83949bef-2b75-429c-ada7-ca3998fb046a.html">Bruno Test Elmer (official) Male, DoB Unknown ( urn:oid:1.2.208.176.1.2#2509479989)</a></p><blockquote><p><b>payload</b></p><p><b>DateTimeExtension</b>: 2024-11-08 08:00:00+0100</p><p><b>IdentifierExtension</b>: urn:uuid:8f4863a0-bb37-41f5-bcd9-944f3b04fe11</p><p><b>PractitionerExtension</b>: <a href="PractitionerRole-e2eb406c-3a28-4509-baba-2d0a0f6db759.html">PractitionerRole Ledende lægesekretær</a></p><p><b>ContactExtension</b>: <a href="tel:+4512345789">+4512345789</a></p><p><b>content</b>: Til rette vedkommende. Vi ønsker information om de seneste undersøgelser udført på Bruno. 
Jeg har indsat en masse ekstra information på afsender, modtager og patienten, kan man se det? 
På forhånd tak. 
Hilsen Michael Burns 
 Ledende Lægesekretær</p></blockquote></div>
        </text>
        <identifier>
          <value value="urn:uuid:ea0e95d0-f72c-4e7f-9250-a2037be75545"/>
        </identifier>
        <status value="unknown"/>
        <category>
          <coding>
            <system value="http://medcomfhir.dk/ig/terminology/CodeSystem/medcom-careCommunication-categoryCodes"/>
            <code value="training"/>
          </coding>
        </category>
        <subject>
          <reference value="Patient/83949bef-2b75-429c-ada7-ca3998fb046a"/>
        </subject>
        <payload>
          <extension url="http://medcomfhir.dk/ig/core/StructureDefinition/medcom-core-datetime-extension">
            <valueDateTime value="2024-11-08T08:00:00+01:00"/>
          </extension>
          <extension url="http://medcomfhir.dk/ig/core/StructureDefinition/medcom-core-identifier-extension">
            <valueIdentifier>
              <value value="urn:uuid:8f4863a0-bb37-41f5-bcd9-944f3b04fe11"/>
              <assigner>
                <reference value="Organization/89a4dee7-145b-4d09-abaf-24529cb12f15"/>
              </assigner>
            </valueIdentifier>
          </extension>
          <extension url="http://medcomfhir.dk/ig/core/StructureDefinition/medcom-core-practitioner-extension">
            <valueReference>
              <reference value="PractitionerRole/e2eb406c-3a28-4509-baba-2d0a0f6db759"/>
            </valueReference>
          </extension>
          <extension url="http://medcomfhir.dk/ig/core/StructureDefinition/medcom-core-contact-extension">
            <valueContactPoint>
              <system value="phone"/>
              <value value="+4512345789"/>
            </valueContactPoint>
          </extension>
          <contentString value="Til rette vedkommende. Vi ønsker information om de seneste undersøgelser udført på Bruno. &#xA;Jeg har indsat en masse ekstra information på afsender, modtager og patienten, kan man se det? &#xA;På forhånd tak. &#xA;Hilsen Michael Burns &#xA; Ledende Lægesekretær"/>
        </payload>
      </Communication>
    </resource>
  </entry>
  <entry>
    <fullUrl value="https://medcomfhir.dk/ig/carecommunication/PractitionerRole/e2eb406c-3a28-4509-baba-2d0a0f6db759"/>
    <resource>
      <PractitionerRole>
        <id value="e2eb406c-3a28-4509-baba-2d0a0f6db759"/>
        <meta>
          <profile value="http://medcomfhir.dk/ig/core/StructureDefinition/medcom-core-practitionerrole"/>
        </meta>
        <text>
          <status value="generated"/><div xmlns="http://www.w3.org/1999/xhtml"><a name="PractitionerRole_e2eb406c-3a28-4509-baba-2d0a0f6db759"> </a><p class="res-header-id"><b>Generated Narrative: PractitionerRole e2eb406c-3a28-4509-baba-2d0a0f6db759</b></p><a name="e2eb406c-3a28-4509-baba-2d0a0f6db759"> </a><a name="hce2eb406c-3a28-4509-baba-2d0a0f6db759"> </a><a name="e2eb406c-3a28-4509-baba-2d0a0f6db759-da-DK"> </a><p><b>practitioner</b>: <a href="Practitioner-940b514b-938d-4186-85f6-96477ec5b5dd.html">Practitioner Michael Burns </a></p><p><b>code</b>: <span title="Codes:{http://medcomfhir.dk/ig/terminology/CodeSystem/medcom-core-PractitionerRolesSKSadministrativ ledendelaegesekretaer}">Ledende lægesekretær</span></p></div>
        </text>
        <practitioner>
          <reference value="Practitioner/940b514b-938d-4186-85f6-96477ec5b5dd"/>
        </practitioner>
        <code>
          <coding>
            <system value="http://medcomfhir.dk/ig/terminology/CodeSystem/medcom-core-PractitionerRolesSKSadministrativ"/>
            <code value="ledendelaegesekretaer"/>
          </coding>
        </code>
      </PractitionerRole>
    </resource>
  </entry>
  <entry>
    <fullUrl value="https://medcomfhir.dk/ig/carecommunication/Practitioner/940b514b-938d-4186-85f6-96477ec5b5dd"/>
    <resource>
      <Practitioner>
        <id value="940b514b-938d-4186-85f6-96477ec5b5dd"/>
        <meta>
          <profile value="http://medcomfhir.dk/ig/core/StructureDefinition/medcom-core-practitioner"/>
        </meta>
        <text>
          <status value="generated"/><div xmlns="http://www.w3.org/1999/xhtml"><a name="Practitioner_940b514b-938d-4186-85f6-96477ec5b5dd"> </a><p class="res-header-id"><b>Generated Narrative: Practitioner 940b514b-938d-4186-85f6-96477ec5b5dd</b></p><a name="940b514b-938d-4186-85f6-96477ec5b5dd"> </a><a name="hc940b514b-938d-4186-85f6-96477ec5b5dd"> </a><a name="940b514b-938d-4186-85f6-96477ec5b5dd-da-DK"> </a><p><b>name</b>: Michael Burns </p></div>
        </text>
        <name>
          <family value="Burns"/>
          <given value="Michael"/>
        </name>
      </Practitioner>
    </resource>
  </entry>
  <entry>
    <fullUrl value="https://medcomfhir.dk/ig/carecommunication/Organization/89a4dee7-145b-4d09-abaf-24529cb12f15"/>
    <resource>
      <Organization>
        <id value="89a4dee7-145b-4d09-abaf-24529cb12f15"/>
        <meta>
          <profile value="http://medcomfhir.dk/ig/messaging/StructureDefinition/medcom-messaging-organization"/>
        </meta>
        <text>
          <status value="generated"/><div xmlns="http://www.w3.org/1999/xhtml"><a name="Organization_89a4dee7-145b-4d09-abaf-24529cb12f15"> </a><p class="res-header-id"><b>Generated Narrative: Organization 89a4dee7-145b-4d09-abaf-24529cb12f15</b></p><a name="89a4dee7-145b-4d09-abaf-24529cb12f15"> </a><a name="hc89a4dee7-145b-4d09-abaf-24529cb12f15"> </a><a name="89a4dee7-145b-4d09-abaf-24529cb12f15-da-DK"> </a><p><b>identifier</b>: SOR/1053231000016001 (use: official, ), EAN/5790002508240 (use: official, ), MASTER_EAF/11469610 (use: usual, ), DENMARK/219 (use: usual, )</p><p><b>active</b>: true</p><p><b>name</b>: Sygehusadviser, Hillerød</p><p><b>telecom</b>: ph: 72 32 00 00(Work), fax: 72 32 32 13(Work)</p><p><b>address</b>: Trollesmindealle 27 3400 </p></div>
        </text>
        <identifier>
          <use value="official"/>
          <type>
            <text value="SOR"/>
          </type>
          <system value="urn:oid:1.2.208.176.1.1"/>
          <value value="1053231000016001"/>
        </identifier>
        <identifier>
          <use value="official"/>
          <type>
            <text value="EAN"/>
          </type>
          <system value="https://www.gs1.org/gln"/>
          <value value="5790002508240"/>
        </identifier>
        <identifier>
          <use value="usual"/>
          <type>
            <text value="MASTER_EAF"/>
          </type>
          <system value="urn:oid:1.2.840.114350.1.13.416.3.7.5.737384.158"/>
          <value value="11469610"/>
        </identifier>
        <identifier>
          <use value="usual"/>
          <type>
            <text value="DENMARK"/>
          </type>
          <system value="urn:oid:1.2.840.114350.1.13.416.3.7.5.737384.168"/>
          <value value="219"/>
        </identifier>
        <active value="true"/>
        <name value="Sygehusadviser, Hillerød"/>
        <telecom>
          <system value="phone"/>
          <value value="72 32 00 00"/>
          <use value="work"/>
        </telecom>
        <telecom>
          <system value="fax"/>
          <value value="72 32 32 13"/>
          <use value="work"/>
        </telecom>
        <address>
          <line value="Trollesmindealle 27"/>
          <postalCode value="3400"/>
        </address>
      </Organization>
    </resource>
  </entry>
  <entry>
    <fullUrl value="https://medcomfhir.dk/ig/carecommunication/Organization/efb6250c-1ba5-4856-b7e7-d9e830d58c09"/>
    <resource>
      <Organization>
        <id value="efb6250c-1ba5-4856-b7e7-d9e830d58c09"/>
        <meta>
          <profile value="http://medcomfhir.dk/ig/messaging/StructureDefinition/medcom-messaging-organization"/>
        </meta>
        <text>
          <status value="generated"/><div xmlns="http://www.w3.org/1999/xhtml"><a name="Organization_efb6250c-1ba5-4856-b7e7-d9e830d58c09"> </a><p class="res-header-id"><b>Generated Narrative: Organization efb6250c-1ba5-4856-b7e7-d9e830d58c09</b></p><a name="efb6250c-1ba5-4856-b7e7-d9e830d58c09"> </a><a name="hcefb6250c-1ba5-4856-b7e7-d9e830d58c09"> </a><a name="efb6250c-1ba5-4856-b7e7-d9e830d58c09-da-DK"> </a><p><b>identifier</b>: SOR/330461000016004 (use: official, ), EAN/5790001353308 (use: official, )</p><p><b>active</b>: true</p><p><b>name</b>: Sundhedsplejen, Aabenraa kommune</p><p><b>telecom</b>: ph: 01 02 03 04(Work), fax: 04 03 02 01(Work)</p><p><b>address</b>: Bjerggade 4 E 6200 </p></div>
        </text>
        <identifier>
          <use value="official"/>
          <type>
            <text value="SOR"/>
          </type>
          <system value="urn:oid:1.2.208.176.1.1"/>
          <value value="330461000016004"/>
        </identifier>
        <identifier>
          <use value="official"/>
          <type>
            <text value="EAN"/>
          </type>
          <system value="https://www.gs1.org/gln"/>
          <value value="5790001353308"/>
        </identifier>
        <active value="true"/>
        <name value="Sundhedsplejen, Aabenraa kommune"/>
        <telecom>
          <system value="phone"/>
          <value value="01 02 03 04"/>
          <use value="work"/>
        </telecom>
        <telecom>
          <system value="fax"/>
          <value value="04 03 02 01"/>
          <use value="work"/>
        </telecom>
        <address>
          <line value="Bjerggade 4 E"/>
          <postalCode value="6200"/>
        </address>
      </Organization>
    </resource>
  </entry>
  <entry>
    <fullUrl value="https://medcomfhir.dk/ig/carecommunication/Provenance/f30ecf6a-7128-4020-b0d8-e1afa4d30655"/>
    <resource>
      <Provenance>
        <id value="f30ecf6a-7128-4020-b0d8-e1afa4d30655"/>
        <meta>
          <profile value="http://medcomfhir.dk/ig/carecommunication/StructureDefinition/medcom-careCommunication-provenance"/>
        </meta>
        <text>
          <status value="generated"/><div xmlns="http://www.w3.org/1999/xhtml"><a name="Provenance_f30ecf6a-7128-4020-b0d8-e1afa4d30655"> </a><p class="res-header-id"><b>Generated Narrative: Provenance f30ecf6a-7128-4020-b0d8-e1afa4d30655</b></p><a name="f30ecf6a-7128-4020-b0d8-e1afa4d30655"> </a><a name="hcf30ecf6a-7128-4020-b0d8-e1afa4d30655"> </a><a name="f30ecf6a-7128-4020-b0d8-e1afa4d30655-da-DK"> </a><p>Provenance for <a href="MessageHeader-53f20992-c926-466a-b5f5-ac6f80fc88d6.html">MessageHeader: event[x] = Care Communication Message (MedComMessagingEventCodes#care-communication-message); definition = http://medcomfhir.dk/ig/carecommunication/medcom-careCommunication-message-definition|4.0.0</a></p><p>Summary</p><table class="grid"><tr><td>Occurrence</td><td>2024-11-08 08:00:00+0100</td></tr><tr><td>Recorded</td><td>2024-11-08 08:00:00+0100</td></tr><tr><td>Activity</td><td><span title="Codes:{http://medcomfhir.dk/ig/terminology/CodeSystem/medcom-messaging-activityCodes new-message}">A new message has been sent</span></td></tr></table><p><b>Agents</b></p><table class="grid"><tr><td><b>who</b></td></tr><tr><td><a href="Organization-89a4dee7-145b-4d09-abaf-24529cb12f15.html">Organization Sygehusadviser, Hillerød</a></td></tr></table></div>
        </text>
        <target>
          <reference value="MessageHeader/53f20992-c926-466a-b5f5-ac6f80fc88d6"/>
        </target>
        <occurredDateTime value="2024-11-08T08:00:00+01:00"/>
        <recorded value="2024-11-08T08:00:00+01:00"/>
        <activity>
          <coding>
            <system value="http://medcomfhir.dk/ig/terminology/CodeSystem/medcom-messaging-activityCodes"/>
            <code value="new-message"/>
          </coding>
        </activity>
        <agent>
          <who>
            <reference value="Organization/89a4dee7-145b-4d09-abaf-24529cb12f15"/>
          </who>
        </agent>
        <entity>
          <role value="source"/>
          <what>
            <identifier>
              <value value="urn:uuid:8f4863a0-bb37-41f5-bcd9-944f3b04fe11"/>
            </identifier>
          </what>
        </entity>
      </Provenance>
    </resource>
  </entry>
</Bundle>