<?xml version="1.0" encoding="UTF-8"?>

<Bundle xmlns="http://hl7.org/fhir">
  <id value="R-Tek-A2-new-linebreak-a3e54e97-c625-4717-a806-1d801ce08449"/>
  <meta>
    <profile value="http://medcomfhir.dk/ig/carecommunication/StructureDefinition/medcom-careCommunication-message"/>
  </meta>
  <type value="message"/>
  <timestamp value="2025-01-03T14:00:00+01:00"/>
  <entry>
    <fullUrl value="https://medcomfhir.dk/ig/carecommunication/MessageHeader/2d837932-6d01-4ee5-9782-6ea1450188eb"/>
    <resource>
      <MessageHeader>
        <id value="2d837932-6d01-4ee5-9782-6ea1450188eb"/>
        <meta>
          <profile value="http://medcomfhir.dk/ig/carecommunication/StructureDefinition/medcom-careCommunication-messageHeader"/>
        </meta>
        <text>
          <status value="generated"/><div xmlns="http://www.w3.org/1999/xhtml"><a name="MessageHeader_2d837932-6d01-4ee5-9782-6ea1450188eb"> </a><p class="res-header-id"><b>Generated Narrative: MessageHeader 2d837932-6d01-4ee5-9782-6ea1450188eb</b></p><a name="2d837932-6d01-4ee5-9782-6ea1450188eb"> </a><a name="hc2d837932-6d01-4ee5-9782-6ea1450188eb"> </a><a name="2d837932-6d01-4ee5-9782-6ea1450188eb-da-DK"> </a><p><b>event</b>: <a href="http://medcomfhir.dk/ig/terminology/1.7.0/CodeSystem-medcom-messaging-eventCodes.html#medcom-messaging-eventCodes-care-communication-message">MedComMessagingEventCodes care-communication-message</a>: Care Communication Message</p><h3>Destinations</h3><table class="grid"><tr><td style="display: none">-</td><td><b>Extension</b></td><td><b>Endpoint</b></td><td><b>Receiver</b></td></tr><tr><td style="display: none">*</td><td/><td><a href="https://sor2.sum.dsdn.dk/#id=325251000016005">https://sor2.sum.dsdn.dk/#id=325251000016005</a></td><td><a href="Organization-8878790d-606e-4a2a-97e0-d76ea12eaa40.html">Organization MedCom XDIS91</a></td></tr></table><p><b>sender</b>: <a href="Organization-00bc5aa6-b0e3-40c5-ab92-8144640e3482.html">Organization MedCom FDIS91</a></p><h3>Sources</h3><table class="grid"><tr><td style="display: none">-</td><td><b>Endpoint</b></td></tr><tr><td style="display: none">*</td><td><a href="https://sor2.sum.dsdn.dk/#id=325371000016006">https://sor2.sum.dsdn.dk/#id=325371000016006</a></td></tr></table><p><b>focus</b>: <a href="Communication-a7297138-1542-4402-a460-7247cbfd5c7f.html">Communication: identifier = urn:uuid:b2eb3d0e-5de5-4de9-b2a3-0ff321ad1c3a; status = unknown; category = Discharge; topic = </a></p><p><b>definition</b>: <code>http://medcomfhir.dk/ig/carecommunication/medcom-careCommunication-message-definition|4.0.0</code></p></div>
        </text>
        <eventCoding>
          <system value="http://medcomfhir.dk/ig/terminology/CodeSystem/medcom-messaging-eventCodes"/>
          <code value="care-communication-message"/>
        </eventCoding>
        <destination>
          <extension url="http://medcomfhir.dk/ig/messaging/StructureDefinition/medcom-messaging-destinationUseExtension">
            <valueCoding>
              <system value="http://medcomfhir.dk/ig/terminology/CodeSystem/medcom-messaging-destinationUse"/>
              <code value="primary"/>
            </valueCoding>
          </extension>
          <endpoint value="https://sor2.sum.dsdn.dk/#id=325251000016005"/>
          <receiver>
            <reference value="Organization/8878790d-606e-4a2a-97e0-d76ea12eaa40"/>
          </receiver>
        </destination>
        <sender>
          <reference value="Organization/00bc5aa6-b0e3-40c5-ab92-8144640e3482"/>
        </sender>
        <source>
          <endpoint value="https://sor2.sum.dsdn.dk/#id=325371000016006"/>
        </source>
        <focus>
          <reference value="Communication/a7297138-1542-4402-a460-7247cbfd5c7f"/>
        </focus>
        <definition value="http://medcomfhir.dk/ig/carecommunication/medcom-careCommunication-message-definition|4.0.0"/>
      </MessageHeader>
    </resource>
  </entry>
  <entry>
    <fullUrl value="https://medcomfhir.dk/ig/carecommunication/Patient/0c970bb6-033d-4c89-a093-3930da7e914b"/>
    <resource>
      <Patient>
        <id value="0c970bb6-033d-4c89-a093-3930da7e914b"/>
        <meta>
          <profile value="http://medcomfhir.dk/ig/core/StructureDefinition/medcom-core-patient"/>
        </meta>
        <text>
          <status value="generated"/><div xmlns="http://www.w3.org/1999/xhtml"><a name="Patient_0c970bb6-033d-4c89-a093-3930da7e914b"> </a><p class="res-header-id"><b>Generated Narrative: Patient 0c970bb6-033d-4c89-a093-3930da7e914b</b></p><a name="0c970bb6-033d-4c89-a093-3930da7e914b"> </a><a name="hc0c970bb6-033d-4c89-a093-3930da7e914b"> </a><a name="0c970bb6-033d-4c89-a093-3930da7e914b-da-DK"> </a><p style="border: 1px #661aff solid; background-color: #e6e6ff; padding: 10px;">Kaja Hansen (official) (no stated gender), DoB Unknown ( urn:oid:1.2.208.176.1.2#2103009996)</p><hr/></div>
        </text>
        <identifier>
          <system value="urn:oid:1.2.208.176.1.2"/>
          <value value="2103009996"/>
        </identifier>
        <name>
          <use value="official"/>
          <family value="Hansen"/>
          <given value="Kaja"/>
        </name>
      </Patient>
    </resource>
  </entry>
  <entry>
    <fullUrl value="https://medcomfhir.dk/ig/carecommunication/Communication/a7297138-1542-4402-a460-7247cbfd5c7f"/>
    <resource>
      <Communication>
        <id value="a7297138-1542-4402-a460-7247cbfd5c7f"/>
        <meta>
          <profile value="http://medcomfhir.dk/ig/carecommunication/StructureDefinition/medcom-careCommunication-communication"/>
        </meta>
        <text>
          <status value="extensions"/><div xmlns="http://www.w3.org/1999/xhtml"><a name="Communication_a7297138-1542-4402-a460-7247cbfd5c7f"> </a><p class="res-header-id"><b>Generated Narrative: Communication a7297138-1542-4402-a460-7247cbfd5c7f</b></p><a name="a7297138-1542-4402-a460-7247cbfd5c7f"> </a><a name="hca7297138-1542-4402-a460-7247cbfd5c7f"> </a><a name="a7297138-1542-4402-a460-7247cbfd5c7f-da-DK"> </a><p><b>identifier</b>: urn:uuid:b2eb3d0e-5de5-4de9-b2a3-0ff321ad1c3a</p><p><b>status</b>: Unknown</p><p><b>category</b>: <span title="Codes:{http://medcomfhir.dk/ig/terminology/CodeSystem/medcom-careCommunication-categoryCodes discharge}">Discharge</span></p><p><b>subject</b>: <a href="Patient-0c970bb6-033d-4c89-a093-3930da7e914b.html">Kaja Hansen (official) (no stated gender), DoB Unknown ( urn:oid:1.2.208.176.1.2#2103009996)</a></p><p><b>topic</b>: <span title="Codes:">Tilbagemelding efter indlæggelse</span></p><blockquote><p><b>payload</b></p><p><b>DateTimeExtension</b>: 2025-01-03 13:00:00+0100</p><p><b>IdentifierExtension</b>: urn:uuid:24d01288-ad36-4af2-96a8-fd1432dadee1</p><p><b>PractitionerExtension</b>: <a href="PractitionerRole-d677ebc2-b481-4269-bcc8-53dac702c37e.html">PractitionerRole Overlæge</a></p><p><b>ContactExtension</b>: ph: 02020202</p><p><b>content</b>: Vi skriver for at informere om, at jeres patient Kaja Hansen blev udskrevet.
Hun er udskrevet fra vores afdeling d. 01.01.2025 efter behandling for lungebetændelse. Hun blev behandlet med intravenøs antibiotika under indlæggelsen og er nu overgået til peroral behandling med Amoxicillin 500 mg x 3 dagligt i 7 dage. Vi anbefaler en kontrol af infektionstal og lungefunktion om &lt; 2 uger, samt opfølgning på eventuelle tilbagevendende symptomer.

Dette er linje 1
Dette er linje 2

Dette er linje 4, med en 'usynlig' linje ovenfor
Med venlig hilsen, Jørgen Berggren
Overlæge</p></blockquote></div>
        </text>
        <identifier>
          <value value="urn:uuid:b2eb3d0e-5de5-4de9-b2a3-0ff321ad1c3a"/>
        </identifier>
        <status value="unknown"/>
        <category>
          <coding>
            <system value="http://medcomfhir.dk/ig/terminology/CodeSystem/medcom-careCommunication-categoryCodes"/>
            <code value="discharge"/>
          </coding>
        </category>
        <subject>
          <reference value="Patient/0c970bb6-033d-4c89-a093-3930da7e914b"/>
        </subject>
        <topic>
          <text value="Tilbagemelding efter indlæggelse"/>
        </topic>
        <payload>
          <extension url="http://medcomfhir.dk/ig/core/StructureDefinition/medcom-core-datetime-extension">
            <valueDateTime value="2025-01-03T13:00:00+01:00"/>
          </extension>
          <extension url="http://medcomfhir.dk/ig/core/StructureDefinition/medcom-core-identifier-extension">
            <valueIdentifier>
              <value value="urn:uuid:24d01288-ad36-4af2-96a8-fd1432dadee1"/>
              <assigner>
                <reference value="Organization/00bc5aa6-b0e3-40c5-ab92-8144640e3482"/>
              </assigner>
            </valueIdentifier>
          </extension>
          <extension url="http://medcomfhir.dk/ig/core/StructureDefinition/medcom-core-practitioner-extension">
            <valueReference>
              <reference value="PractitionerRole/d677ebc2-b481-4269-bcc8-53dac702c37e"/>
            </valueReference>
          </extension>
          <extension url="http://medcomfhir.dk/ig/core/StructureDefinition/medcom-core-contact-extension">
            <valueContactPoint>
              <system value="phone"/>
              <value value="02020202"/>
            </valueContactPoint>
          </extension>
          <contentString value="Vi skriver for at informere om, at jeres patient Kaja Hansen blev udskrevet.&#xA;Hun er udskrevet fra vores afdeling d. 01.01.2025 efter behandling for lungebetændelse. Hun blev behandlet med intravenøs antibiotika under indlæggelsen og er nu overgået til peroral behandling med Amoxicillin 500 mg x 3 dagligt i 7 dage. Vi anbefaler en kontrol af infektionstal og lungefunktion om &lt; 2 uger, samt opfølgning på eventuelle tilbagevendende symptomer.&#xA;&#xA;Dette er linje 1&#xA;Dette er linje 2&#xA;&#xA;Dette er linje 4, med en 'usynlig' linje ovenfor&#xA;Med venlig hilsen, Jørgen Berggren&#xA;Overlæge"/>
        </payload>
      </Communication>
    </resource>
  </entry>
  <entry>
    <fullUrl value="https://medcomfhir.dk/ig/carecommunication/PractitionerRole/d677ebc2-b481-4269-bcc8-53dac702c37e"/>
    <resource>
      <PractitionerRole>
        <id value="d677ebc2-b481-4269-bcc8-53dac702c37e"/>
        <meta>
          <profile value="http://medcomfhir.dk/ig/core/StructureDefinition/medcom-core-practitionerrole"/>
        </meta>
        <text>
          <status value="generated"/><div xmlns="http://www.w3.org/1999/xhtml"><a name="PractitionerRole_d677ebc2-b481-4269-bcc8-53dac702c37e"> </a><p class="res-header-id"><b>Generated Narrative: PractitionerRole d677ebc2-b481-4269-bcc8-53dac702c37e</b></p><a name="d677ebc2-b481-4269-bcc8-53dac702c37e"> </a><a name="hcd677ebc2-b481-4269-bcc8-53dac702c37e"> </a><a name="d677ebc2-b481-4269-bcc8-53dac702c37e-da-DK"> </a><p><b>practitioner</b>: <a href="Practitioner-e02220de-3980-47ee-af1b-dc6931cef94b.html">Practitioner Jørgen Berggren </a></p><p><b>code</b>: <span title="Codes:{http://medcomfhir.dk/ig/terminology/CodeSystem/medcom-core-PractitionerRolesSKSadministrativ overlaege}">Overlæge</span></p></div>
        </text>
        <practitioner>
          <reference value="Practitioner/e02220de-3980-47ee-af1b-dc6931cef94b"/>
        </practitioner>
        <code>
          <coding>
            <system value="http://medcomfhir.dk/ig/terminology/CodeSystem/medcom-core-PractitionerRolesSKSadministrativ"/>
            <code value="overlaege"/>
          </coding>
        </code>
      </PractitionerRole>
    </resource>
  </entry>
  <entry>
    <fullUrl value="https://medcomfhir.dk/ig/carecommunication/Practitioner/e02220de-3980-47ee-af1b-dc6931cef94b"/>
    <resource>
      <Practitioner>
        <id value="e02220de-3980-47ee-af1b-dc6931cef94b"/>
        <meta>
          <profile value="http://medcomfhir.dk/ig/core/StructureDefinition/medcom-core-practitioner"/>
        </meta>
        <text>
          <status value="generated"/><div xmlns="http://www.w3.org/1999/xhtml"><a name="Practitioner_e02220de-3980-47ee-af1b-dc6931cef94b"> </a><p class="res-header-id"><b>Generated Narrative: Practitioner e02220de-3980-47ee-af1b-dc6931cef94b</b></p><a name="e02220de-3980-47ee-af1b-dc6931cef94b"> </a><a name="hce02220de-3980-47ee-af1b-dc6931cef94b"> </a><a name="e02220de-3980-47ee-af1b-dc6931cef94b-da-DK"> </a><p><b>name</b>: Jørgen Berggren </p></div>
        </text>
        <name>
          <family value="Berggren"/>
          <given value="Jørgen"/>
        </name>
      </Practitioner>
    </resource>
  </entry>
  <entry>
    <fullUrl value="https://medcomfhir.dk/ig/carecommunication/Organization/8878790d-606e-4a2a-97e0-d76ea12eaa40"/>
    <resource>
      <Organization>
        <id value="8878790d-606e-4a2a-97e0-d76ea12eaa40"/>
        <meta>
          <profile value="http://medcomfhir.dk/ig/messaging/StructureDefinition/medcom-messaging-organization"/>
        </meta>
        <text>
          <status value="generated"/><div xmlns="http://www.w3.org/1999/xhtml"><a name="Organization_8878790d-606e-4a2a-97e0-d76ea12eaa40"> </a><p class="res-header-id"><b>Generated Narrative: Organization 8878790d-606e-4a2a-97e0-d76ea12eaa40</b></p><a name="8878790d-606e-4a2a-97e0-d76ea12eaa40"> </a><a name="hc8878790d-606e-4a2a-97e0-d76ea12eaa40"> </a><a name="8878790d-606e-4a2a-97e0-d76ea12eaa40-da-DK"> </a><p><b>identifier</b>: <code>https://www.gs1.org/gln</code>/5790000121526, <code>urn:oid:1.2.208.176.1.1</code>/325251000016005</p><p><b>name</b>: MedCom XDIS91</p></div>
        </text>
        <identifier>
          <system value="https://www.gs1.org/gln"/>
          <value value="5790000121526"/>
        </identifier>
        <identifier>
          <system value="urn:oid:1.2.208.176.1.1"/>
          <value value="325251000016005"/>
        </identifier>
        <name value="MedCom XDIS91"/>
      </Organization>
    </resource>
  </entry>
  <entry>
    <fullUrl value="https://medcomfhir.dk/ig/carecommunication/Organization/00bc5aa6-b0e3-40c5-ab92-8144640e3482"/>
    <resource>
      <Organization>
        <id value="00bc5aa6-b0e3-40c5-ab92-8144640e3482"/>
        <meta>
          <profile value="http://medcomfhir.dk/ig/messaging/StructureDefinition/medcom-messaging-organization"/>
        </meta>
        <text>
          <status value="generated"/><div xmlns="http://www.w3.org/1999/xhtml"><a name="Organization_00bc5aa6-b0e3-40c5-ab92-8144640e3482"> </a><p class="res-header-id"><b>Generated Narrative: Organization 00bc5aa6-b0e3-40c5-ab92-8144640e3482</b></p><a name="00bc5aa6-b0e3-40c5-ab92-8144640e3482"> </a><a name="hc00bc5aa6-b0e3-40c5-ab92-8144640e3482"> </a><a name="00bc5aa6-b0e3-40c5-ab92-8144640e3482-da-DK"> </a><p><b>identifier</b>: <code>https://www.gs1.org/gln</code>/5790000120314, <code>urn:oid:1.2.208.176.1.1</code>/325371000016006</p><p><b>name</b>: MedCom FDIS91</p></div>
        </text>
        <identifier>
          <system value="https://www.gs1.org/gln"/>
          <value value="5790000120314"/>
        </identifier>
        <identifier>
          <system value="urn:oid:1.2.208.176.1.1"/>
          <value value="325371000016006"/>
        </identifier>
        <name value="MedCom FDIS91"/>
      </Organization>
    </resource>
  </entry>
  <entry>
    <fullUrl value="https://medcomfhir.dk/ig/carecommunication/Provenance/167bbdba-7f17-4814-84b3-dd00179f37ed"/>
    <resource>
      <Provenance>
        <id value="167bbdba-7f17-4814-84b3-dd00179f37ed"/>
        <meta>
          <profile value="http://medcomfhir.dk/ig/carecommunication/StructureDefinition/medcom-careCommunication-provenance"/>
        </meta>
        <text>
          <status value="generated"/><div xmlns="http://www.w3.org/1999/xhtml"><a name="Provenance_167bbdba-7f17-4814-84b3-dd00179f37ed"> </a><p class="res-header-id"><b>Generated Narrative: Provenance 167bbdba-7f17-4814-84b3-dd00179f37ed</b></p><a name="167bbdba-7f17-4814-84b3-dd00179f37ed"> </a><a name="hc167bbdba-7f17-4814-84b3-dd00179f37ed"> </a><a name="167bbdba-7f17-4814-84b3-dd00179f37ed-da-DK"> </a><p>Provenance for <a href="MessageHeader-2d837932-6d01-4ee5-9782-6ea1450188eb.html">MessageHeader: event[x] = Care Communication Message (MedComMessagingEventCodes#care-communication-message); definition = http://medcomfhir.dk/ig/carecommunication/medcom-careCommunication-message-definition|4.0.0</a></p><p>Summary</p><table class="grid"><tr><td>Occurrence</td><td>2025-01-03 13:00:00+0100</td></tr><tr><td>Recorded</td><td>2025-01-03 13:00:00+0100</td></tr><tr><td>Activity</td><td><span title="Codes:{http://medcomfhir.dk/ig/terminology/CodeSystem/medcom-messaging-activityCodes new-message}">A new message has been sent</span></td></tr></table><p><b>Agents</b></p><table class="grid"><tr><td><b>who</b></td></tr><tr><td><a href="Organization-00bc5aa6-b0e3-40c5-ab92-8144640e3482.html">Organization MedCom FDIS91</a></td></tr></table></div>
        </text>
        <target>
          <reference value="MessageHeader/2d837932-6d01-4ee5-9782-6ea1450188eb"/>
        </target>
        <occurredDateTime value="2025-01-03T13:00:00+01:00"/>
        <recorded value="2025-01-03T13:00:00+01:00"/>
        <activity>
          <coding>
            <system value="http://medcomfhir.dk/ig/terminology/CodeSystem/medcom-messaging-activityCodes"/>
            <code value="new-message"/>
          </coding>
        </activity>
        <agent>
          <who>
            <reference value="Organization/00bc5aa6-b0e3-40c5-ab92-8144640e3482"/>
          </who>
        </agent>
        <entity>
          <role value="source"/>
          <what>
            <identifier>
              <value value="urn:uuid:24d01288-ad36-4af2-96a8-fd1432dadee1"/>
            </identifier>
          </what>
        </entity>
      </Provenance>
    </resource>
  </entry>
</Bundle>